Crop Name,Area Name,Area of Land in acres,Amount of Production in Tons,Rainfall in MM,,Year
Wheat,0,150,70,19.64583333,,1970
Wheat,1,5690,2720,2.5,,1970
Wheat,2,45,15,43,,1970
Wheat,3,5,2,43,,1970
Wheat,4,16505,8575,25.75,,1970
Wheat,5,15700,5540,14,,1970
Wheat,6,6730,2695,10.5,,1970
Wheat,7,76150,21510,14.75,,1970
Wheat,8,16490,5825,17.75,,1970
Wheat,9,585,190,3.25,,1970
Wheat,10,1340,530,19.64583333,,1970
Wheat,11,38880,14245,19.64583333,,1970
Wheat,12,6060,1700,7.75,,1970
Wheat,13,710,185,19.64583,,1970
Wheat,14,61315,21900,19.64583,,1970
Wheat,15,35,12,19.64583,,1970
Wheat,16,39150,14030,19.64583,,1970
Wheat,17,15800,6075,10,,1970
Wheat,18,355,140,43.5,,1970
Wheat,19,9640,3920,19.64583,,1970
Wheat,0,370,180,14.63461538,,1971
Wheat,1,6210,3370,14.5,,1971
Wheat,2,5,2,2.5,,1971
Wheat,3,5,2,2.5,,1971
Wheat,4,19710,10420,18,,1971
Wheat,5,15650,5265,31.5,,1971
Wheat,6,2025,610,4.75,,1971
Wheat,7,73635,22415,21.75,,1971
Wheat,8,16875,5325,4,,1971
Wheat,9,775,275,1.5,,1971
Wheat,10,1370,545,14.63462,,1971
Wheat,11,43455,15995,14.63462,,1971
Wheat,12,6995,1650,14.5,,1971
Wheat,13,730,180,14.63462,,1971
Wheat,14,60280,22550,14.63462,,1971
Wheat,15,20,5,14.63462,,1971
Wheat,16,44135,16125,30.5,,1971
Wheat,17,15390,5920,15.75,,1971
Wheat,18,555,206,28.5,,1971
Wheat,19,6270,2155,14.63462,,1971
Wheat,0,205,79,4.692307778,,1972
Wheat,1,7010,3410,4.75,,1972
Wheat,2,7,2,0.5,,1972
Wheat,3,5,2,0.5,,1972
Wheat,4,25650,12094,0.25,,1972
Wheat,5,14650,4832,2.75,,1972
Wheat,6,8480,2819,0,,1972
Wheat,7,49935,9692,17.5,,1972
Wheat,8,10095,3040,1.25,,1972
Wheat,9,380,95,0,,1972
Wheat,10,1415,442,4.692308,,1972
Wheat,11,41515,7507,4.692308,,1972
Wheat,12,6490,1495,5,,1972
Wheat,13,465,111,4.692308,,1972
Wheat,14,61700,22881,4.692308,,1972
Wheat,15,12,3,4.692308,,1972
Wheat,16,46830,13331,5.75,,1972
Wheat,17,14800,5421,11.75,,1972
Wheat,18,565,209,11,,1972
Wheat,19,6645,2061,4.692308,,1972
Wheat,0,160,47,36.75,,1973
Wheat,1,7375,3633,32.25,,1973
Wheat,2,0,0,78,,1973
Wheat,3,0,0,78,,1973
Wheat,4,28465,15139,50,,1973
Wheat,5,13550,4248,42.75,,1973
Wheat,6,15390,5501,36.75,,1973
Wheat,7,42750,11572,28.25,,1973
Wheat,8,10905,3439,38,,1973
Wheat,9,330,81,1,,1973
Wheat,10,1420,387,36.75,,1973
Wheat,11,42600,19278,36.75,,1973
Wheat,12,7405,1632,9.75,,1973
Wheat,13,365,96,36.75,,1973
Wheat,14,62580,22866,36.75,,1973
Wheat,15,0,0,62.25,,1973
Wheat,16,48500,13215,13,,1973
Wheat,17,14940,5587,7.75,,1973
Wheat,18,655,244,36.75,,1973
Wheat,19,7625,2214,36.75,,1973
Wheat,20,165,48,5,,1974
Wheat,1,8080,3862,0.75,,1974
Wheat,2,0,0,17.5,,1974
Wheat,3,0,0,17.5,,1974
Wheat,4,38965,19075,16.25,,1974
Wheat,5,13850,4080,3.642857143,,1974
Wheat,6,9455,3058,3.64,,1974
Wheat,7,45275,13010,0.25,,1974
Wheat,21,0,0,3.64,,1974
Wheat,8,12165,4112,2.25,,1974
Wheat,9,804,240,0.25,,1974
Wheat,10,970,277,3.64,,1974
Wheat,11,34320,9396,3.64,,1974
Wheat,12,7960,1604,0,,1974
Wheat,13,525,147,20.75,,1974
Wheat,14,63845,23513,3.64,,1974
Wheat,15,0,0,3.64,,1974
Wheat,16,52400,14656,0,,1974
Wheat,17,15100,5648,3.64,,1974
Wheat,18,620,214,2,,1974
Wheat,19,6940,1930,3.64,,1974
Wheat,20,500,211,11.25,,1975
Wheat,1,14780,9771,2.75,,1975
Wheat,2,230,149,37.5,,1975
Wheat,3,0,0,37.5,,1975
Wheat,4,55500,38640,42.75,,1975
Wheat,5,12980,5367,13.75,,1975
Wheat,6,22700,15484,0,,1975
Wheat,7,33880,11789,9.25,,1975
Wheat,21,0,0,0,,1975
Wheat,8,21092,16014,3.5,,1975
Wheat,9,1384,888,3.5,,1975
Wheat,10,6000,3380,3.5,,1975
Wheat,11,39300,39008,3.5,,1975
Wheat,12,8465,4948,0,,1975
Wheat,13,5430,3192,52.5,,1975
Wheat,14,59000,27132,3.5,,1975
Wheat,15,0,0,25.25,,1975
Wheat,16,61100,25110,3.75,,1975
Wheat,17,14265,7029,2,,1975
Wheat,18,2000,691,30.75,,1975
Wheat,19,12300,5925,3.5,,1975
Wheat,20,105,54,17,,1976
Wheat,1,22610,19813,3.75,,1976
Wheat,2,570,267,66.75,,1976
Wheat,3,40,30,66.75,,1976
Wheat,4,66895,50578,5,,1976
Wheat,5,19220,10734,3.75,,1976
Wheat,6,17900,12270,0,,1976
Wheat,7,33475,12055,4.5,,1976
Wheat,21,0,0,14.75,,1976
Wheat,8,25610,20111,14.75,,1976
Wheat,9,2245,1917,14.75,,1976
Wheat,10,6925,5359,14.75,,1976
Wheat,11,51900,38488,14.75,,1976
Wheat,12,8355,5330,2,,1976
Wheat,13,1800,992,14,,1976
Wheat,14,42000,29059,14.75,,1976
Wheat,15,0,0,6,,1976
Wheat,16,60925,27669,2.75,,1976
Wheat,17,14000,6960,0.25,,1976
Wheat,18,5270,2084,14,,1976
Wheat,19,15635,11588,14.75,,1976
Wheat,20,15960,14204,24.5,,1977
Wheat,1,0,0,24,,1977
Wheat,3,65,36,26.5,,1977
Wheat,4,85,52,26.5,,1977
Wheat,5,6000,2131,29.5,,1977
Wheat,6,31085,27802,25,,1977
Wheat,7,22300,14082,8.5,,1977
Wheat,21,46495,24560,23.01666667,,1977
Wheat,8,190,107,24,,1977
Wheat,9,34940,23379,8,,1977
Wheat,10,0,0,23.01,,1977
Wheat,11,4270,4286,23.01,,1977
Wheat,12,5455,4910,46.5,,1977
Wheat,13,63455,47438,37.25,,1977
Wheat,14,31130,25097,23.01,,1977
Wheat,15,60960,64195,16.25,,1977
Wheat,16,48000,34932,16.5,,1977
Wheat,17,59600,32505,3,,1977
Wheat,18,560,210,29.25,,1977
Wheat,19,10335,6864,23.01,,1977
Wheat,20,105,54,0.75,,1978
Wheat,1,22610,19813,0.5,,1978
Wheat,2,570,267,0,,1978
Wheat,3,40,30,0,,1978
Wheat,4,66895,50578,4.461538462,,1978
Wheat,5,19220,10734,5,,1978
Wheat,6,17900,12270,4.46,,1978
Wheat,7,33475,12055,3.25,,1978
Wheat,21,0,0,4.46,,1978
Wheat,8,25610,20111,4.46,,1978
Wheat,9,2245,1917,0.75,,1978
Wheat,10,6925,5359,4.46,,1978
Wheat,11,51900,38488,4.46,,1978
Wheat,12,8355,5330,0,,1978
Wheat,13,1800,992,2,,1978
Wheat,14,42000,29059,4.46,,1978
Wheat,15,0,0,25.75,,1978
Wheat,16,60925,27669,17.75,,1978
Wheat,17,14000,6960,1.75,,1978
Wheat,18,5270,2084,0.5,,1978
Wheat,19,15635,11588,4.46,,1978
Wheat,20,190,107,23.25,,1979
Wheat,1,31085,27802,16.25,,1979
Wheat,2,65,36,22.75,,1979
Wheat,3,85,52,22.75,,1979
Wheat,4,63455,47438,13.25,,1979
Wheat,5,22300,14082,30.5,,1979
Wheat,6,31130,25097,20.85,,1979
Wheat,7,46495,24560,27.25,,1979
Wheat,21,0,0,20.85,,1979
Wheat,8,34940,23379,33.25,,1979
Wheat,9,4270,4286,17.25,,1979
Wheat,10,5455,4910,20.85,,1979
Wheat,11,60960,64195,20.85,,1979
Wheat,12,10335,6864,7.75,,1979
Wheat,13,560,210,19.25,,1979
Wheat,14,48000,34932,20.85,,1979
Wheat,15,0,0,23.5,,1979
Wheat,16,59600,32505,29.5,,1979
Wheat,17,25985,15712,14.75,,1979
Wheat,18,6000,2131,11.5,,1979
Wheat,19,15960,14204,20.85,,1979
Wheat,22,0,0,13.46,,1980
Wheat,20,5125,2785,13.75,,1980
Wheat,1,76945,58525,3,,1980
Wheat,2,585,380,7,,1980
Wheat,4,194990,121005,10.75,,1980
Wheat,5,48810,31320,8.75,,1980
Wheat,6,202835,46235,13.46,,1980
Wheat,7,63970,49940,31,,1980
Wheat,21,10660,8400,13.46,,1980
Wheat,8,118310,66740,17,,1980
Wheat,23,0,0,13.46,,1980
Wheat,9,11330,8190,25.5,,1980
Wheat,10,21890,12305,13.46,,1980
Wheat,11,135810,115800,13.46,,1980
Wheat,12,8585,8170,13.46,,1980
Wheat,13,2690,1470,14,,1980
Wheat,14,103645,82295,13.46,,1980
Wheat,15,175,90,13.46,,1980
Wheat,16,140780,117060,10.25,,1980
Wheat,24,420,245,21.5,,1980
Wheat,17,248840,195730,4.25,,1980
Wheat,18,12120,7760,8.25,,1980
Wheat,19,52395,40810,13.46,,1980
Wheat,22,0,0,26.92,,1981
Wheat,20,5410,2805,25,,1981
Wheat,1,65735,47500,33.5,,1981
Wheat,2,590,275,4.5,,1981
Wheat,4,187015,118720,14,,1981
Wheat,5,56805,37560,24,,1981
Wheat,6,183240,128845,30.75,,1981
Wheat,7,94215,75170,40,,1981
Wheat,21,13785,10380,12.5,,1981
Wheat,8,116025,73990,66,,1981
Wheat,23,0,0,26.92,,1981
Wheat,9,16535,13080,32.5,,1981
Wheat,10,26070,11245,26.92,,1981
Wheat,11,133150,106675,26.92,,1981
Wheat,12,10830,10440,34.75,,1981
Wheat,13,2050,830,26.92,,1981
Wheat,14,87880,73785,26.92,,1981
Wheat,15,85,35,13,,1981
Wheat,16,99910,71160,53.5,,1981
Wheat,24,30,10,6,,1981
Wheat,17,165005,125380,19.25,,1981
Wheat,18,10255,8130,21.5,,1981
Wheat,19,45115,36095,26.92,,1981
Wheat,22,0,0,12.93,,1982
Wheat,20,7305,4435,25.5,,1982
Wheat,1,62870,51345,4,,1982
Wheat,2,495,230,12.75,,1982
Wheat,4,157700,107585,11,,1982
Wheat,5,59690,46420,16.5,,1982
Wheat,6,140465,111175,7.75,,1982
Wheat,7,98200,92625,35,,1982
Wheat,21,19330,17065,12.93,,1982
Wheat,8,77490,55445,6.5,,1982
Wheat,23,0,0,12.93,,1982
Wheat,9,5935,5030,11.75,,1982
Wheat,10,24320,14240,12.93,,1982
Wheat,11,115940,130030,12.93,,1982
Wheat,12,15525,17345,2.5,,1982
Wheat,13,2600,1355,13.25,,1982
Wheat,14,101095,97570,12.93,,1982
Wheat,15,300,160,13,,1982
Wheat,16,142080,107575,17.75,,1982
Wheat,24,0,0,19.5,,1982
Wheat,17,193830,167230,2.25,,1982
Wheat,18,15675,13630,8,,1982
Wheat,19,42525,37550,12.93,,1982
Wheat,22,15,5,23.59,,1983
Wheat,20,4590,1755,28.5,,1983
Wheat,1,62370,60700,10.25,,1983
Wheat,2,450,195,39.5,,1983
Wheat,4,157010,141380,18,,1983
Wheat,5,59945,49680,23.25,,1983
Wheat,6,166010,140875,10.75,,1983
Wheat,7,100360,98880,18.5,,1983
Wheat,21,34525,30115,23.59,,1983
Wheat,8,60645,58400,38,,1983
Wheat,23,10,5,23.59,,1983
Wheat,9,4800,4635,30.25,,1983
Wheat,10,20160,19635,23.59,,1983
Wheat,11,131030,129845,23.59,,1983
Wheat,12,19190,19900,5.75,,1983
Wheat,13,2205,1280,25,,1983
Wheat,14,108505,105690,23.59,,1983
Wheat,15,80,35,38,,1983
Wheat,16,123830,110540,6.75,,1983
Wheat,24,15,5,60.5,,1983
Wheat,17,195575,170840,8.5,,1983
Wheat,18,9865,8700,16,,1983
Wheat,19,38570,39210,23.59,,1983
Wheat,22,10,5,7.45,,1984
Wheat,20,7805,4430,4.25,,1984
Wheat,1,86035,79795,7.25,,1984
Wheat,2,455,210,0.75,,1984
Wheat,4,160000,154625,4.75,,1984
Wheat,5,92890,77940,3.5,,1984
Wheat,6,155490,119185,13.25,,1984
Wheat,7,144370,140215,10,,1984
Wheat,21,56380,46490,7.45,,1984
Wheat,8,101120,100530,13,,1984
Wheat,23,25,10,7.45,,1984
Wheat,9,6000,5605,9.75,,1984
Wheat,10,23945,21445,7.45,,1984
Wheat,11,148590,136095,7.45,,1984
Wheat,12,28795,26340,3.25,,1984
Wheat,13,6315,3040,9.25,,1984
Wheat,14,162845,134670,7.45,,1984
Wheat,15,130,65,3.25,,1984
Wheat,16,184055,154430,3.5,,1984
Wheat,24,20,5,3.5,,1984
Wheat,17,235470,196160,9.25,,1984
Wheat,18,17565,15800,20.75,,1984
Wheat,19,52750,46540,7.45,,1984
Wheat,22,10,5,11.39,,1985
Wheat,20,9755,6705,2.75,,1985
Wheat,1,65875,61130,2,,1985
Wheat,2,230,150,55.75,,1985
Wheat,4,159965,140195,2.25,,1985
Wheat,5,98255,75475,4.75,,1985
Wheat,6,117355,88565,3,,1985
Wheat,7,104955,65720,1,,1985
Wheat,21,41810,31880,11.39,,1985
Wheat,8,75200,58635,12.5,,1985
Wheat,23,40,35,11.39,,1985
Wheat,9,11680,10410,6.75,,1985
Wheat,10,28150,20890,11.39,,1985
Wheat,11,107385,94290,11.39,,1985
Wheat,12,318510,22270,12.75,,1985
Wheat,13,4040,2400,3.5,,1985
Wheat,14,133360,86500,11.39,,1985
Wheat,15,350,200,18,,1985
Wheat,16,144580,108380,6.5,,1985
Wheat,24,90,40,25,,1985
Wheat,17,130400,108420,13.5,,1985
Wheat,18,13480,9270,12.25,,1985
Wheat,19,56695,49540,11.39,,1985
Wheat,22,0,0,34.48,,1986
Wheat,20,11320,3950,70.25,,1986
Wheat,1,58400,49310,9.75,,1986
Wheat,2,475,265,31,,1986
Wheat,4,175110,141680,35.5,,1986
Wheat,5,94205,51555,49.25,,1986
Wheat,6,140115,114780,9.25,,1986
Wheat,7,109715,62945,38.5,,1986
Wheat,21,54685,39720,34.48,,1986
Wheat,8,88160,70795,43.5,,1986
Wheat,23,25,10,34.48,,1986
Wheat,9,11675,9630,40.25,,1986
Wheat,10,30845,19800,34.48,,1986
Wheat,11,108675,73190,34.48,,1986
Wheat,12,29835,21370,26,,1986
Wheat,13,3800,2120,33.25,,1986
Wheat,14,125440,96045,34.48,,1986
Wheat,15,200,80,74,,1986
Wheat,16,130220,109760,11.5,,1986
Wheat,24,45,20,36.25,,1986
Wheat,17,185790,165345,14.75,,1986
Wheat,18,20235,11495,28.75,,1986
Wheat,19,66030,47125,34.48,,1986
Wheat,22,5,5,14.35,,1987
Wheat,20,18215,13840,11,,1987
Wheat,1,58635,44360,6.25,,1987
Wheat,2,135,80,22.25,,1987
Wheat,4,184000,122310,17.75,,1987
Wheat,5,91910,64080,11,,1987
Wheat,6,142585,95525,11.5,,1987
Wheat,7,120880,74490,11.25,,1987
Wheat,21,52540,37340,14.35,,1987
Wheat,8,110190,104505,4,,1987
Wheat,23,70,35,14.35,,1987
Wheat,9,8130,6835,15,,1987
Wheat,10,28285,19350,14.35,,1987
Wheat,11,113375,97410,14.35,,1987
Wheat,12,29425,19890,5.25,,1987
Wheat,13,3455,2010,14.75,,1987
Wheat,14,122160,71130,14.35,,1987
Wheat,15,350,210,26.5,,1987
Wheat,16,128065,93210,3.25,,1987
Wheat,24,10,5,38.25,,1987
Wheat,17,186775,131130,6.5,,1987
Wheat,18,16360,10525,21.5,,1987
Wheat,19,60735,39740,18,,1987
Wheat,22,0,0,33.35,,1988
Wheat,20,12750,8950,33.75,,1988
Wheat,1,49840,39175,30.5,,1988
Wheat,2,0,0,21,,1988
Wheat,4,161055,112590,19,,1988
Wheat,5,75720,51550,50,,1988
Wheat,6,149710,110010,6,,1988
Wheat,7,119490,82420,48,,1988
Wheat,21,47280,36850,33.35,,1988
Wheat,8,110000,91245,31.75,,1988
Wheat,23,0,0,33.35,,1988
Wheat,9,8620,7330,47.5,,1988
Wheat,10,27720,21470,33.35,,1988
Wheat,11,107700,96195,33.35,,1988
Wheat,12,27950,20705,44.5,,1988
Wheat,13,2070,1250,29.75,,1988
Wheat,14,128270,73295,33.35,,1988
Wheat,15,330,215,46.5,,1988
Wheat,16,115260,87160,14.5,,1988
Wheat,24,0,0,13.75,,1988
Wheat,17,173105,133315,17.25,,1988
Wheat,18,15540,11195,57.75,,1988
Wheat,19,51620,37030,55.5,,1988
Wheat,22,0,0,7.08,,1989
Wheat,20,16830,8670,3.5,,1989
Wheat,1,50110,38560,5,,1989
Wheat,2,40,30,4,,1989
Wheat,4,156300,86850,4.5,,1989
Wheat,5,79510,48360,11,,1989
Wheat,6,187310,134440,8,,1989
Wheat,7,121380,57000,3.5,,1989
Wheat,21,53150,33650,7.08,,1989
Wheat,8,113280,66250,3,,1989
Wheat,23,0,0,7.08,,1989
Wheat,9,9080,6460,2.25,,1989
Wheat,10,26070,16800,7.08,,1989
Wheat,11,114160,67530,7.08,,1989
Wheat,12,29680,18960,7.08,,1989
Wheat,13,3850,1890,6.25,,1989
Wheat,14,148260,68780,7.08,,1989
Wheat,15,290,120,0.75,,1989
Wheat,16,119770,78540,5,,1989
Wheat,24,0,0,12.75,,1989
Wheat,17,162160,116940,7.75,,1989
Wheat,18,16930,8480,18.5,,1989
Wheat,19,54900,31690,17.5,,1989
Wheat,22,0,0,30.26,,1990
Wheat,20,9850,4790,44.75,,1990
Wheat,1,51470,40670,7.75,,1990
Wheat,2,0,0,37.25,,1990
Wheat,4,136430,81130,29.75,,1990
Wheat,5,79530,50230,36.25,,1990
Wheat,6,206970,156600,1.5,,1990
Wheat,7,112820,67550,22,,1990
Wheat,21,57450,39270,30.26,,1990
Wheat,8,106010,74230,47.5,,1990
Wheat,23,0,0,30.26,,1990
Wheat,9,7760,5070,35.75,,1990
Wheat,10,26510,17470,30.26,,1990
Wheat,11,111310,72380,30.26,,1990
Wheat,12,30600,20300,22.75,,1990
Wheat,13,810,210,67.75,,1990
Wheat,14,175500,118640,30.26,,1990
Wheat,15,540,240,52.25,,1990
Wheat,16,125510,92290,12.75,,1990
Wheat,24,10,0,41.75,,1990
Wheat,17,172440,122490,14.5,,1990
Wheat,18,21070,12140,22.5,,1990
Wheat,19,47460,28590,17.75,,1990
Wheat,22,15,10,29.9,,1991
Wheat,20,8860,4660,23.5,,1991
Wheat,1,39930,33700,32.5,,1991
Wheat,2,15,10,32.75,,1991
Wheat,4,103040,76730,56.25,,1991
Wheat,5,76450,61290,38.75,,1991
Wheat,6,184920,146390,18.75,,1991
Wheat,7,110100,72980,47.5,,1991
Wheat,21,57910,42060,29.9,,1991
Wheat,8,103040,75490,27.5,,1991
Wheat,23,0,0,29.9,,1991
Wheat,9,8110,5740,28.75,,1991
Wheat,10,31440,23940,29.9,,1991
Wheat,11,113200,80530,29.9,,1991
Wheat,12,25290,19390,23.5,,1991
Wheat,13,1080,410,33,,1991
Wheat,14,184190,137770,29.9,,1991
Wheat,15,190,80,7.25,,1991
Wheat,16,142500,104670,24.5,,1991
Wheat,24,40,10,29,,1991
Wheat,17,163940,134690,17,,1991
Wheat,18,18560,10840,36.75,,1991
Wheat,19,47170,33660,31,,1991
Wheat,22,120,70,20.09,,1992
Wheat,20,11450,8380,27.5,,1992
Wheat,1,39590,35390,4.25,,1992
Wheat,2,30,10,39.25,,1992
Wheat,4,108410,85210,16.5,,1992
Wheat,5,79740,57410,12.5,,1992
Wheat,6,230760,171450,5.5,,1992
Wheat,7,112350,664380,16.25,,1992
Wheat,21,69420,51160,20.09,,1992
Wheat,8,122510,98250,26.75,,1992
Wheat,23,10,10,20.09,,1992
Wheat,9,4410,3640,54,,1992
Wheat,10,33650,25000,20.09,,1992
Wheat,11,121100,117590,20.09,,1992
Wheat,12,33010,23600,11,,1992
Wheat,13,2240,1070,27,,1992
Wheat,14,204580,139110,20.09,,1992
Wheat,15,760,220,26.5,,1992
Wheat,16,149520,124400,9.75,,1992
Wheat,24,70,60,30,,1992
Wheat,17,177730,112860,7.25,,1992
Wheat,18,19580,14470,14.5,,1992
Wheat,19,52890,41890,13,,1992
Wheat,22,0,0,23.38,,1993
Wheat,20,12430,8620,14.25,,1993
Wheat,1,41150,36830,18.75,,1993
Wheat,2,40,20,23.5,,1993
Wheat,4,112450,92250,42.5,,1993
Wheat,5,77320,57660,17.75,,1993
Wheat,6,213690,152900,14.25,,1993
Wheat,7,94180,71850,14.25,,1993
Wheat,21,63340,45340,23.38,,1993
Wheat,8,125000,95500,9.25,,1993
Wheat,23,0,0,23.38,,1993
Wheat,9,6650,6260,34,,1993
Wheat,10,34450,24650,23.38,,1993
Wheat,11,113260,98710,23.38,,1993
Wheat,12,31800,22250,20.5,,1993
Wheat,13,3090,2130,39.5,,1993
Wheat,14,198610,133510,23.38,,1993
Wheat,15,1250,610,24,,1993
Wheat,16,150310,119220,14.75,,1993
Wheat,24,210,180,40,,1993
Wheat,17,163420,109060,18.75,,1993
Wheat,18,18610,10900,46.5,,1993
Wheat,19,58860,42600,5,,1993
Wheat,22,0,0,11.41,,1994
Wheat,20,14900,11140,6,,1994
Wheat,1,400990,39670,11.25,,1994
Wheat,2,140,70,8.75,,1994
Wheat,4,110500,103900,5.5,,1994
Wheat,5,80430,59920,20.25,,1994
Wheat,6,221290,158840,11.25,,1994
Wheat,7,102500,69060,11,,1994
Wheat,21,65180,51870,11.41,,1994
Wheat,8,148550,133520,10.75,,1994
Wheat,23,0,0,11.41,,1994
Wheat,9,8110,7360,5.25,,1994
Wheat,10,32910,23320,11.41,,1994
Wheat,11,117410,104130,11.41,,1994
Wheat,12,29340,19770,16.75,,1994
Wheat,13,4750,2790,2.75,,1994
Wheat,14,210980,144590,11.41,,1994
Wheat,15,5,3,6.5,,1994
Wheat,16,151210,122480,19,,1994
Wheat,24,150,130,5.75,,1994
Wheat,17,166620,136830,11.25,,1994
Wheat,18,19180,12980,17.5,,1994
Wheat,19,54890,42620,24.5,,1994
Wheat,22,0,0,45.63,28.63,1995
Wheat,20,14380,10150,54,28.52,1995
Wheat,1,48700,46860,26.25,28.23,1995
Wheat,2,260,130,83.75,28.28,1995
Wheat,4,115590,104110,44,28.33,1995
Wheat,5,84420,69240,38,29.73,1995
Wheat,6,230650,168750,23.5,27.2,1995
Wheat,7,124690,89640,28.5,28.63,1995
Wheat,21,68810,52450,45.63,29.18,1995
Wheat,8,161840,141540,39.5,27.75,1995
Wheat,23,0,0,45.63,28.92,1995
Wheat,9,12460,10970,70.5,28.17,1995
Wheat,10,35700,26460,45.63,28.4,1995
Wheat,11,124770,107540,45.63,29.25,1995
Wheat,12,35740,24490,32.5,29.6,1995
Wheat,13,1320,700,71,29.18,1995
Wheat,14,237860,162300,45.63,29.28,1995
Wheat,15,5,3,79,28.17,1995
Wheat,16,180590,154100,23.25,28.27,1995
Wheat,24,20,20,57,28.8,1995
Wheat,17,180560,145920,29.5,29.8,1995
Wheat,18,9870,7040,35.25,27.15,1995
Wheat,19,61200,46720,40.25,28.77,1995
Wheat,22,0,0,10.59,29.27,1996
Wheat,20,15570,11290,6,28.62,1996
Wheat,1,52830,50920,7.75,26.93,1996
Wheat,2,325,160,27.5,28.27,1996
Wheat,4,119670,105780,6.25,29.77,1996
Wheat,5,89640,71440,5.25,27.35,1996
Wheat,6,247920,197850,5,27.75,1996
Wheat,7,132660,101610,4.25,26.93,1996
Wheat,21,70890,55670,10.59,26.58,1996
Wheat,8,148040,134780,16,28.1,1996
Wheat,23,0,0,10.59,28.18,1996
Wheat,9,7590,6770,6.5,28.77,1996
Wheat,10,35840,27960,10.59,28.52,1996
Wheat,11,127250,117700,10.59,28.2,1996
Wheat,12,27690,17990,3.5,28.65,1996
Wheat,13,1410,850,4.5,27.97,1996
Wheat,14,244210,192250,10.59,29.47,1996
Wheat,15,0,0,20,27.77,1996
Wheat,16,178450,152540,5.25,28.03,1996
Wheat,24,15,10,25.75,29.3,1996
Wheat,17,182460,157800,3.25,27.27,1996
Wheat,18,4400,2820,19.5,28.9,1996
Wheat,19,6220,47910,13.75,28,1996
Wheat,22,0,0,15.88,28.27,1997
Wheat,20,16790,12200,13.5,29.12,1997
Wheat,1,56770,55120,12.5,29.22,1997
Wheat,2,350,220,21.25,28.77,1997
Wheat,4,133090,119970,12.5,29.45,1997
Wheat,5,97810,84850,8,27.93,1997
Wheat,6,310560,293870,17,28.25,1997
Wheat,7,141040,118820,27,28.75,1997
Wheat,21,80720,74060,15.88,29.67,1997
Wheat,8,165600,155150,20.5,27.58,1997
Wheat,23,12,5,15.88,28.73,1997
Wheat,9,8360,7540,13.25,29.18,1997
Wheat,10,40270,33130,15.88,27.55,1997
Wheat,11,143020,134260,15.88,26.72,1997
Wheat,12,33450,25100,11.25,28.1,1997
Wheat,13,1810,1240,10.75,29.45,1997
Wheat,14,253420,227880,15.88,27.03,1997
Wheat,15,2,1,13.5,27.77,1997
Wheat,16,200800,183640,27.25,27.22,1997
Wheat,24,16,10,12.25,26.45,1997
Wheat,17,228340,215210,15.5,28.07,1997
Wheat,18,5070,3620,17.25,27.72,1997
Wheat,19,71120,56920,16.75,27.2,1997
Wheat,22,0,0,37.64,27.15,1998
Wheat,20,27420,17750,118,26.78,1998
Wheat,1,57420,54030,8.25,27.08,1998
Wheat,2,370,230,58.25,26.9,1998
Wheat,4,149290,126000,49.75,27.78,1998
Wheat,5,105630,88080,34,26.15,1998
Wheat,6,345170,316180,4.75,27.28,1998
Wheat,7,153260,123860,41.5,27.45,1998
Wheat,21,93630,80170,37.64,26.42,1998
Wheat,8,164060,152240,47,27.17,1998
Wheat,23,10,5,37.64,27.05,1998
Wheat,9,9390,8410,70.5,27.12,1998
Wheat,10,46570,37320,37.64,27.2,1998
Wheat,11,148720,140500,37.64,27.98,1998
Wheat,12,35630,26270,12.75,27.12,1998
Wheat,13,3100,2140,62.25,27.7,1998
Wheat,14,260820,230150,37.64,26.48,1998
Wheat,15,60,40,50.75,27.17,1998
Wheat,16,217610,187070,13.5,27.35,1998
Wheat,24,20,20,29.75,28.12,1998
Wheat,17,273260,249900,3,26.03,1998
Wheat,18,5600,4030,16,27.23,1998
Wheat,19,82600,64040,20,27.48,1998
Wheat,22,0,0,7.6,26.53,1999
Wheat,20,27840,19220,0.75,25.58,1999
Wheat,1,57500,56490,7.6,26.55,1999
Wheat,2,200,90,27.25,27.77,1999
Wheat,4,121970,99860,10.75,26.13,1999
Wheat,5,102700,82530,3.25,26.53,1999
Wheat,6,364160,351820,1.25,25.68,1999
Wheat,7,151430,118930,1,25.8,1999
Wheat,21,84170,66960,7.6,26.43,1999
Wheat,8,148520,136810,7.6,26.75,1999
Wheat,23,30,10,7.6,26.95,1999
Wheat,9,5690,5360,3.5,27.25,1999
Wheat,10,41480,32030,7.6,26.58,1999
Wheat,11,110890,108810,7.6,27.12,1999
Wheat,12,31090,22610,0.25,27.23,1999
Wheat,13,4000,1820,22.25,27.57,1999
Wheat,14,240260,219350,7.6,25.95,1999
Wheat,15,20,10,3.25,27.92,1999
Wheat,16,241260,227570,0.25,27.22,1999
Wheat,24,10,10,29.5,25.92,1999
Wheat,17,240870,229260,2,26.97,1999
Wheat,18,4470,3640,0,26.75,1999
Wheat,19,78390,56790,8.75,26.97,1999
Wheat,22,0,0,14.16,26.45,2000
Wheat,20,27910,20720,11.25,27.53,2000
Wheat,1,43480,39000,13.75,27.72,2000
Wheat,2,150,60,8,27.9,2000
Wheat,4,116260,88750,25,27.12,2000
Wheat,5,92760,72300,14.25,27.02,2000
Wheat,6,344930,324590,7.5,27.3,2000
Wheat,7,136290,97470,18.5,28.2,2000
Wheat,21,75750,66450,14.16,26.05,2000
Wheat,8,133170,121840,5,27.5,2000
Wheat,23,30,10,14.16,27.13,2000
Wheat,9,5220,4460,5,26.53,2000
Wheat,10,33260,23860,14.16,25.65,2000
Wheat,11,125190,120000,14.16,26.2,2000
Wheat,12,27900,18830,9.5,28.07,2000
Wheat,13,2290,970,26,25.7,2000
Wheat,14,216230,191530,14.16,26.68,2000
Wheat,15,0,0,32.25,25.57,2000
Wheat,16,226520,211810,12.75,25.72,2000
Wheat,24,10,10,21.75,26.28,2000
Wheat,17,226420,217970,4,27.7,2000
Wheat,18,5070,4000,12.75,28.77,2000
Wheat,19,70450,48650,13.5,28.52,2000
Wheat,22,0,0,15.41,28.05,2001
Wheat,20,17150,11540,21,28.73,2001
Wheat,1,50490,45760,2,28.28,2001
Wheat,2,140,50,23.25,29.67,2001
Wheat,4,110120,78880,21.25,28.02,2001
Wheat,5,97730,75290,4.75,28.87,2001
Wheat,6,353560,337190,13.25,29.28,2001
Wheat,7,130860,93300,11.5,27.23,2001
Wheat,21,79960,63190,15.41,28.88,2001
Wheat,8,122840,113990,3.5,28.23,2001
Wheat,23,20,10,15.41,28.37,2001
Wheat,9,5460,4760,23.75,29.2,2001
Wheat,10,22210,16790,15.41,29.72,2001
Wheat,11,112420,104400,15.41,28.82,2001
Wheat,12,19560,14240,5.5,29.45,2001
Wheat,13,2140,960,15,28.03,2001
Wheat,14,208240,187330,15.41,28.45,2001
Wheat,15,0,0,26.25,29.05,2001
Wheat,16,218820,205510,0.25,29.78,2001
Wheat,24,0,0,27.25,27.38,2001
Wheat,17,210460,201500,2,28.95,2001
Wheat,18,8940,7620,49.5,29.33,2001
Wheat,19,61990,43450,12,28.77,2001
Wheat,22,0,0,23.04,26.62,2002
Wheat,20,15510,11500,27.75,28.27,2002
Wheat,1,45850,41620,7,29.15,2002
Wheat,2,140,50,34.75,27.02,2002
Wheat,4,118100,86620,28,28.3,2002
Wheat,5,82130,62080,15.5,27.78,2002
Wheat,6,343620,317450,8,27.23,2002
Wheat,7,104190,73700,37.25,28.25,2002
Wheat,21,76770,64130,23.04,28.05,2002
Wheat,8,115180,109500,32.5,27.7,2002
Wheat,23,0,0,23.04,27.53,2002
Wheat,9,5700,4890,46,26.58,2002
Wheat,10,25480,19460,23.04,27.47,2002
Wheat,11,106240,84670,23.04,27.12,2002
Wheat,12,19640,14710,23.25,28.37,2002
Wheat,13,2550,1600,22.25,26.87,2002
Wheat,14,202190,181130,23.04,26.92,2002
Wheat,15,0,0,6.25,27.38,2002
Wheat,16,212510,199100,7,25.77,2002
Wheat,24,0,0,27.5,27.55,2002
Wheat,17,196650,183880,5.25,26.98,2002
Wheat,18,8640,6980,37.5,26.92,2002
Wheat,19,64660,43640,26,27.53,2002
Wheat,25,204,172,12.23,28.63,2003
Wheat,26,0,0,12.23,28,2003
Wheat,27,0,0,12.23,28.38,2003
Wheat,20,2054,1522,8,27.58,2003
Wheat,28,10130,7490,8,27.45,2003
Wheat,29,7984,5897,8.5,27.85,2003
Wheat,1,17413,14884,17.5,28.85,2003
Wheat,30,36680,30750,17.5,26.1,2003
Wheat,31,25395,16902,12.23,28.23,2003
Wheat,32,22314,19327,9.75,27.48,2003
Wheat,2,130,90,12.23,26.67,2003
Wheat,33,130,90,12.23,25.53,2003
Wheat,34,25525,21716,12.23,27.23,2003
Wheat,4,40861,30951,26,27.97,2003
Wheat,35,88570,67180,12.23,25.82,2003
Wheat,36,0,0,1.75,27,2003
Wheat,5,8367,5935,17.5,25.82,2003
Wheat,37,65700,47230,17.5,25.28,2003
Wheat,6,138007,99212,19,26.77,2003
Wheat,38,327170,216280,19,27.02,2003
Wheat,7,36004,29210,34.75,27.8,2003
Wheat,39,93770,69480,34.75,27.87,2003
Wheat,40,74,61,15.5,27.28,2003
Wheat,41,22752,18743,12.23,27.77,2003
Wheat,42,2752,1944,12.23,27.65,2003
Wheat,43,7206,4714,12.23,28.35,2003
Wheat,44,3565,2951,12.23,27.22,2003
Wheat,45,41,31,12.23,27.55,2003
Wheat,21,47503,39390,12.23,28.12,2003
Wheat,230,69090,57790,12.23,26.93,2003
Wheat,8,30020,29845,7.5,27.95,2003
Wheat,46,97900,88000,12.23,27.73,2003
Wheat,47,35283,30761,12.23,27.55,2003
Wheat,48,19267,15866,12.23,27.77,2003
Wheat,49,0,0,12.23,28.47,2003
Wheat,9,398,349,5.5,28.53,2003
Wheat,50,4810,4360,12.23,28.72,2003
Wheat,10,15842,11973,12.23,28.43,2003
Wheat,51,20380,15240,12.23,27.87,2003
Wheat,52,47071,34074,12.23,28.07,2003
Wheat,11,45739,39257,12.23,29.18,2003
Wheat,53,102360,89330,12.23,26.55,2003
Wheat,54,351,251,12.23,28.6,2003
Wheat,55,20664,15674,12.23,27.97,2003
Wheat,56,7258,4748,8.25,27.93,2003
Wheat,57,24814,19962,12.23,26.17,2003
Wheat,58,34131,25370,12.23,28.1,2003
Wheat,59,496,447,12.23,28.4,2003
Wheat,60,31096,28357,12.23,26.47,2003
Wheat,61,3086,2303,12.23,27.75,2003
Wheat,62,0,0,9.25,26.12,2003
Wheat,63,7783,7432,12.23,26.57,2003
Wheat,64,13425,8659,12.23,27.12,2003
Wheat,65,3939,3019,12.23,27.47,2003
Wheat,66,58987,62604,12.23,27.42,2003
Wheat,67,23794,23409,12.23,27.53,2003
Wheat,68,4538,3267,12.23,26.6,2003
Wheat,69,33517,22930,12.23,27.32,2003
Wheat,70,49147,42124,12.23,27.43,2003
Wheat,13,55,38,15.5,28.07,2003
Wheat,71,480,350,15.5,26.65,2003
Wheat,14,136249,116625,12.23,27.38,2003
Wheat,135,210460,171970,12.23,27.1,2003
Wheat,72,58986,37853,12.23,26.08,2003
Wheat,15,0,0,1.5,27.47,2003
Wheat,137,0,0,1.5,26.77,2003
Wheat,73,51,40,12.23,26.95,2003
Wheat,74,29370,20607,12.23,27.43,2003
Wheat,16,66562,66353,6.75,28.45,2003
Wheat,138,198490,194490,6.75,28.07,2003
Wheat,235,10,10,12.23,28.58,2003
Wheat,17,52976,47639,13.75,28.05,2003
Wheat,139,176980,139060,13.75,27.23,2003
Wheat,75,4208,3839,6.25,27.72,2003
Wheat,76,13932,10201,12.23,28.97,2003
Wheat,77,21587,18400,12.23,25.63,2003
Wheat,78,74211,55345,12.23,28.02,2003
Wheat,79,1472,1151,12.23,27.47,2003
Wheat,18,947,801,1.75,27.07,2003
Wheat,146,6480,5350,1.75,25.45,2003
Wheat,150,58190,37140,9,26.97,2003
Wheat,80,130177,79215,12.23,28.82,2003
Wheat,25,186,106,1.34,25.6,2004
Wheat,26,0,0,1.34,26.82,2004
Wheat,27,0,0,1.34,25.42,2004
Wheat,20,2178,1389,0,25.72,2004
Wheat,28,9903,5558,0,26.67,2004
Wheat,29,7620,4110,0.25,27.45,2004
Wheat,1,14884,12813,0,28.05,2004
Wheat,30,30750,24931,0,27.82,2004
Wheat,31,22184,14615,1.34,26.82,2004
Wheat,32,19401,11145,1.34,27.78,2004
Wheat,2,85,38,1.34,27.75,2004
Wheat,33,85,38,1.34,28.53,2004
Wheat,34,28062,19525,1.34,27.62,2004
Wheat,4,36005,24312,1.25,28.22,2004
Wheat,35,77590,50072,1.25,27.65,2004
Wheat,36,0,0,0,25.72,2004
Wheat,5,6549,4642,0,28.07,2004
Wheat,37,49204,32143,0,27.6,2004
Wheat,6,99212,105598,2.5,27.37,2004
Wheat,38,216280,276972,2.5,27.85,2004
Wheat,7,39927,23801,1.25,28.68,2004
Wheat,39,103650,64992,1.25,28.07,2004
Wheat,40,61,52,0,28.9,2004
Wheat,41,18743,19920,1.34,27.65,2004
Wheat,42,1956,1572,1.34,27.67,2004
Wheat,43,7284,5008,1.34,28.12,2004
Wheat,44,2693,2115,1.34,28.97,2004
Wheat,45,45,26,1.34,25.92,2004
Wheat,21,33807,24040,1.34,28.27,2004
Wheat,230,54307,40500,1.34,28.08,2004
Wheat,8,22835,15496,0.75,27.62,2004
Wheat,46,75599,46582,0.75,25.45,2004
Wheat,47,24811,14022,1.34,27.1,2004
Wheat,48,15866,12118,1.34,28.8,2004
Wheat,49,0,0,1.34,25.53,2004
Wheat,9,317,245,0,26.98,2004
Wheat,50,5128,3990,0,25.88,2004
Wheat,10,11494,7161,0,26.1,2004
Wheat,51,15871,9692,0,27.08,2004
Wheat,52,34074,37765,1.34,27.67,2004
Wheat,11,45441,25155,1.34,28.57,2004
Wheat,53,94797,53781,1.34,28.12,2004
Wheat,54,382,199,1.34,27.98,2004
Wheat,55,15674,17930,1.34,28.37,2004
Wheat,56,6864,4627,3,28.05,2004
Wheat,57,22160,13053,1.34,29.68,2004
Wheat,58,24858,13454,1.34,27.47,2004
Wheat,59,398,302,1.34,28.47,2004
Wheat,60,21294,9101,1.34,28.85,2004
Wheat,61,2112,1786,1.34,26.5,2004
Wheat,62,0,0,6.5,28.78,2004
Wheat,63,5793,4011,1.34,27.37,2004
Wheat,64,10298,7984,1.34,27.57,2004
Wheat,65,3431,2705,1.34,29.02,2004
Wheat,66,62604,61048,1.34,28.98,2004
Wheat,67,23409,23096,1.34,28.6,2004
Wheat,68,4377,2531,1.34,29.28,2004
Wheat,69,22930,23895,1.34,27.83,2004
Wheat,70,42124,50660,1.34,28.28,2004
Wheat,13,85,44,0,28.95,2004
Wheat,71,528,295,0,29.5,2004
Wheat,14,116625,127618,1.34,27.1,2004
Wheat,135,171970,196353,1.34,28.63,2004
Wheat,72,37853,49332,1.34,29.18,2004
Wheat,15,0,0,0.25,28.08,2004
Wheat,137,0,0,0.25,26.1,2004
Wheat,73,60,33,1.34,27.7,2004
Wheat,74,33080,18608,1.34,29.43,2004
Wheat,16,66353,55419,2.5,26.28,2004
Wheat,138,194490,190223,2.5,27.77,2004
Wheat,235,10,7,0,26.77,2004
Wheat,17,47639,44456,3,26.7,2004
Wheat,139,139060,143966,3,28.28,2004
Wheat,75,4625,3639,0,27.73,2004
Wheat,76,16495,12948,1.34,28.82,2004
Wheat,77,20500,16460,1.34,28.53,2004
Wheat,78,55345,68735,1.34,27.28,2004
Wheat,79,2560,1661,1.34,28.42,2004
Wheat,18,579,441,6.5,28.2,2004
Wheat,146,6230,4519,6.5,29.52,2004
Wheat,150,37464,19536,2.5,27.4,2004
Wheat,80,79215,122042,1.34,28.78,2004
Wheat,25,152,67,8.53,28.42,2005
Wheat,26,0,0,8.53,26.33,2005
Wheat,27,0,0,8.53,28.77,2005
Wheat,20,1230,776,3.5,27.3,2005
Wheat,28,7442,4022,3.5,27.8,2005
Wheat,29,6212,3246,3.75,28.58,2005
Wheat,1,7414,5089,3.75,29.4,2005
Wheat,30,16096,11324,3.75,28.92,2005
Wheat,31,28180,13769,8.53,29.3,2005
Wheat,32,14398,6976,2.25,28.03,2005
Wheat,2,59,19,8.53,28.62,2005
Wheat,33,59,19,8.53,28.7,2005
Wheat,34,17439,12980,8.53,29.68,2005
Wheat,4,29484,14692,2.25,26.17,2005
Wheat,35,72062,35437,2.25,28.78,2005
Wheat,36,0,0,13.5,28.57,2005
Wheat,5,3221,1921,1.75,27.62,2005
Wheat,37,36170,20552,1.75,25.78,2005
Wheat,6,86966,54179,6,27.45,2005
Wheat,38,251198,147945,6,29.67,2005
Wheat,7,40927,23053,4,26.07,2005
Wheat,39,107901,62777,4,27.73,2005
Wheat,40,58,46,8.25,26.13,2005
Wheat,41,14180,6203,8.53,25.75,2005
Wheat,42,1835,1218,8.53,27.75,2005
Wheat,43,7688,4643,8.53,28.22,2005
Wheat,44,1090,744,8.53,28.57,2005
Wheat,45,0,0,8.53,28.38,2005
Wheat,21,17462,9340,8.53,27.43,2005
Wheat,230,30730,18398,8.53,28.3,2005
Wheat,8,18029,14610,12.75,28.52,2005
Wheat,46,71820,51055,12.75,28.92,2005
Wheat,47,24140,16247,8.53,27.63,2005
Wheat,48,8682,6235,8.53,28.7,2005
Wheat,49,0,0,8.53,28.57,2005
Wheat,9,258,164,3.75,26.43,2005
Wheat,50,4299,2866,3.75,28.4,2005
Wheat,10,10530,5283,8.53,27.78,2005
Wheat,51,15008,7209,8.53,28,2005
Wheat,52,39820,20453,8.53,28.18,2005
Wheat,11,40448,23795,8.53,29.08,2005
Wheat,53,84099,60296,8.53,28.77,2005
Wheat,54,370,140,8.53,29.1,2005
Wheat,55,12170,6242,8.53,28.1,2005
Wheat,56,8710,5351,91.5,28.48,2005
Wheat,57,24502,17121,8.53,28.42,2005
Wheat,58,19161,9856,8.53,29.7,2005
Wheat,59,356,160,8.53,26.62,2005
Wheat,60,26212,23521,8.53,28.75,2005
Wheat,61,1890,1468,8.53,28.28,2005
Wheat,62,0,0,7.5,28.28,2005
Wheat,63,5149,3077,8.53,26.07,2005
Wheat,64,7622,3985,8.53,27.8,2005
Wheat,65,3341,2104,8.53,29.03,2005
Wheat,66,56523,35678,8.53,26.25,2005
Wheat,67,16802,13999,8.53,28.12,2005
Wheat,68,4478,1926,8.53,26.85,2005
Wheat,69,28368,14020,8.53,26.9,2005
Wheat,70,43309,29147,8.53,27.63,2005
Wheat,13,54,15,8.53,27.83,2005
Wheat,71,482,201,8.53,27.87,2005
Wheat,14,113830,85999,8.53,27.7,2005
Wheat,135,129231,95927,8.53,27.52,2005
Wheat,72,44828,25752,8.53,28.03,2005
Wheat,15,0,0,7.25,27.77,2005
Wheat,137,0,0,7.25,28.08,2005
Wheat,73,0,0,8.53,26.92,2005
Wheat,74,35896,20206,8.53,27.73,2005
Wheat,16,67046,48952,3.75,28.2,2005
Wheat,138,183680,127776,3.75,26.72,2005
Wheat,235,10,6,15.5,27.92,2005
Wheat,17,29720,18194,5,27.03,2005
Wheat,139,124258,65112,5,27.18,2005
,,,,,28.1,
Wheat,75,3889,2635,4,28.63,2005
Wheat,76,14680,9524,8.53,28.28,2005
Wheat,77,13268,9058,8.53,28.58,2005
Wheat,78,15401,9928,8.53,27.08,2005
Wheat,79,2456,1258,8.53,27.75,2005
Wheat,18,350,211,12,27.92,2005
Wheat,146,4252,2373,12,28.78,2005
Wheat,150,31962,15784,4,26.27,2005
Wheat,80,119404,68014,8.53,28.17,2005
Wheat,25,190,131,2.77,28.05,2006
Wheat,26,0,0,2.77,27.12,2006
Wheat,27,0,0,2.77,26.27,2006
Wheat,20,1340,861,0.5,27,2006
Wheat,28,9195,5833,0.5,28.77,2006
Wheat,29,7840,4966,0,26.4,2006
Wheat,1,3115,2173,0.25,27.25,2006
Wheat,30,9015,6569,0.25,25.95,2006
Wheat,31,18695,10147,2.77,26.13,2006
Wheat,32,11615,7860,0,27.35,2006
Wheat,2,20,7,2.77,27.28,2006
Wheat,33,20,7,2.77,28.73,2006
Wheat,34,15780,13442,2.77,28.37,2006
Wheat,4,17480,10681,0.25,27.92,2006
Wheat,35,47790,28688,0.25,28.57,2006
Wheat,36,0,0,2.5,27.55,2006
Wheat,5,1990,1126,1.25,28.65,2006
Wheat,37,23770,15429,1.25,27.53,2006
Wheat,6,56495,37579,7.75,28.43,2006
Wheat,38,192415,161105,7.75,28.72,2006
Wheat,7,44275,30012,0.25,26.67,2006
Wheat,39,107755,69729,0.25,28.67,2006
Wheat,40,120,88,0,27.82,2006
Wheat,41,11555,7332,2.77,27.8,2006
Wheat,42,1060,736,2.77,28.67,2006
Wheat,43,7440,4743,2.77,29.02,2006
Wheat,44,1150,819,2.77,28.72,2006
Wheat,45,5,2,2.77,29.23,2006
Wheat,21,13425,7562,2.77,27.82,2006
Wheat,230,21175,13084,2.77,28.58,2006
Wheat,8,14800,13673,3.25,28.72,2006
Wheat,46,64530,51106,3.25,29.52,2006
Wheat,47,23425,17759,2.77,27.03,2006
Wheat,48,5900,4396,2.77,28.92,2006
Wheat,49,0,0,2.77,28.72,2006
Wheat,9,300,194,0.25,28.42,2006
Wheat,50,4220,2853,0.25,26.25,2006
Wheat,10,7610,4417,2.77,27.58,2006
Wheat,51,11040,6686,2.77,29.08,2006
Wheat,52,33325,23995,2.77,26.3,2006
Wheat,11,35125,24597,2.77,27.85,2006
Wheat,53,72015,56241,2.77,26.97,2006
Wheat,54,355,262,2.77,26.78,2006
Wheat,55,5430,3586,2.77,27.87,2006
Wheat,56,8830,5478,0.25,27.32,2006
Wheat,57,21350,16154,2.77,28.95,2006
Wheat,58,9780,5556,2.77,28.68,2006
Wheat,59,260,191,2.77,27.7,2006
Wheat,60,21110,18202,2.77,28.75,2006
Wheat,61,1620,1169,2.77,28.02,2006
Wheat,62,0,0,0,29.1,2006
Wheat,63,4955,3520,2.77,28.07,2006
Wheat,64,6650,4962,2.77,28.78,2006
Wheat,65,2670,1880,2.77,29.33,2006
Wheat,66,56575,48297,2.77,26.5,2006
Wheat,67,17375,15228,2.77,29.02,2006
Wheat,68,3430,2269,2.77,28.08,2006
Wheat,69,23530,16749,2.77,28.25,2006
Wheat,70,39850,27325,2.77,28.65,2006
Wheat,13,65,38,0,29.58,2006
Wheat,71,540,388,0,29.17,2006
Wheat,14,105185,80018,2.77,29.67,2006
Wheat,135,115510,86986,2.77,28.18,2006
Wheat,72,27340,20053,2.77,28.95,2006
Wheat,15,0,0,0.75,28.78,2006
Wheat,137,0,0,0.75,29.78,2006
Wheat,73,10,4,2.77,27.12,2006
Wheat,74,35720,20867,2.77,29.27,2006
Wheat,16,62965,48464,2.5,28.67,2006
Wheat,138,176765,139314,2.5,28.65,2006
Wheat,235,10,6,4.75,26.28,2006
Wheat,17,24095,17331,8.5,28.22,2006
Wheat,139,97935,68993,8.5,29.22,2006
Wheat,75,3730,2528,0,26.43,2006
Wheat,76,11490,8629,2.77,28.52,2006
Wheat,77,7750,5522,2.77,26.78,2006
Wheat,78,10325,6968,2.77,27.22,2006
Wheat,79,385,243,2.77,28.1,2006
Wheat,18,355,174,19.25,28.05,2006
Wheat,146,2150,1427,19.25,29.72,2006
Wheat,150,21890,16048,0,29.22,2006
Wheat,80,108580,103473,2.77,28.82,2006
Wheat,25,225,165,34.27,29.47,2007
Wheat,26,0,0,34.27,28.23,2007
Wheat,27,40,32,34.27,30.18,2007
Wheat,20,1715,1290,41.75,28.45,2007
Wheat,28,9240,7158,41.75,29.4,2007
Wheat,29,7490,5846,44.75,29.92,2007
Wheat,1,3015,2458,8.25,27.73,2007
Wheat,30,7815,6131,8.25,29.8,2007
Wheat,31,21970,12326,34.27,28.38,2007
Wheat,32,10265,7169,41.5,28.85,2007
Wheat,2,30,14,34.27,30.05,2007
Wheat,33,30,14,34.27,30.45,2007
Wheat,34,12820,11762,34.27,29.63,2007
Wheat,4,11230,7340,25.5,30.4,2007
Wheat,35,43465,26835,25.5,28.8,2007
Wheat,36,0,0,48,29.47,2007
Wheat,5,1895,1129,35.25,29.57,2007
Wheat,37,21025,15778,35.25,30.68,2007
Wheat,6,49550,42984,7.5,27.53,2007
Wheat,38,207635,203779,7.5,29.93,2007
Wheat,7,57210,47600,38.25,30.17,2007
Wheat,39,132220,103416,38.25,28.48,2007
Wheat,40,175,126,37,26.97,2007
Wheat,41,7755,5989,34.27,28.63,2007
Wheat,42,630,479,34.27,30.4,2007
Wheat,43,9385,7938,34.27,27.38,2007
Wheat,44,1405,1170,34.27,28.7,2007
Wheat,45,30,20,34.27,27.78,2007
Wheat,21,13775,9821,34.27,26.67,2007
Wheat,230,21075,16342,34.27,29.05,2007
Wheat,8,13940,13362,44.75,28.63,2007
Wheat,46,61400,52091,44.75,27.97,2007
Wheat,47,19665,15107,34.27,27.63,2007
Wheat,48,4800,3673,34.27,27.3,2007
Wheat,49,0,0,34.27,27.73,2007
Wheat,9,335,244,41.75,27,2007
Wheat,50,4720,3723,41.75,28,2007
Wheat,10,11160,7298,34.27,27.05,2007
Wheat,51,14585,9877,34.27,27.9,2007
Wheat,52,29545,25619,34.27,28.05,2007
Wheat,11,33145,31759,34.27,26.22,2007
Wheat,53,64605,64624,34.27,27.72,2007
Wheat,54,310,234,34.27,27.17,2007
Wheat,55,6195,5182,34.27,27.43,2007
Wheat,56,10350,7812,46,27.72,2007
Wheat,57,21645,18292,34.27,28.43,2007
Wheat,58,9035,6870,34.27,28.02,2007
Wheat,59,2,1,34.27,28.62,2007
Wheat,60,18640,21103,34.27,27.23,2007
Wheat,61,1015,642,34.27,27.82,2007
Wheat,62,0,0,30.5,27.68,2007
Wheat,63,6150,5330,34.27,28.83,2007
Wheat,64,5425,4585,34.27,26.45,2007
Wheat,65,3025,2073,34.27,28.48,2007
Wheat,66,44630,48695,34.27,27.98,2007
Wheat,67,34675,37354,34.27,27.43,2007
Wheat,68,3425,2579,34.27,26,2007
Wheat,69,21825,18794,34.27,27.28,2007
Wheat,70,28165,24727,34.27,28.43,2007
Wheat,13,60,50,34.27,26.17,2007
Wheat,71,545,410,34.27,27.27,2007
Wheat,14,75300,65912,34.27,26.28,2007
Wheat,135,84360,73629,34.27,26.85,2007
Wheat,72,35445,28816,34.27,27.3,2007
Wheat,15,5,2,71,26.93,2007
Wheat,137,45,34,71,27.97,2007
Wheat,73,5,2,34.27,27.63,2007
Wheat,74,42785,30392,34.27,27.3,2007
Wheat,16,65545,59013,7,27.73,2007
Wheat,138,173015,169789,7,27,2007
Wheat,235,60,40,34.75,28,2007
Wheat,17,10510,9400,14.75,27.05,2007
Wheat,139,75830,64984,14.75,27.9,2007
Wheat,75,4160,3314,53.75,28.05,2007
Wheat,76,12490,9674,34.27,26.22,2007
Wheat,77,7300,6521,34.27,27.72,2007
Wheat,78,9060,7717,34.27,27.17,2007
Wheat,79,400,309,34.27,27.43,2007
Wheat,18,540,423,44.5,27.72,2007
Wheat,146,2347,1903,44.5,28.43,2007
Wheat,150,24450,17477,34.25,28.02,2007
Wheat,80,122640,131979,34.27,28.62,2007
Wheat,25,297,253,15.29,27.23,2008
Wheat,26,0,0,15.29,27.82,2008
Wheat,27,40,24,15.29,27.68,2008
Wheat,20,1841,1361,16.25,28.83,2008
Wheat,28,8526,7648,16.25,26.45,2008
Wheat,29,6535,6167,9.5,28.48,2008
Wheat,1,4050,3462,6.75,27.98,2008
Wheat,30,8850,8386,6.75,27.43,2008
Wheat,31,15077,8447,15.29,26,2008
Wheat,32,7680,4925,15.29,27.28,2008
Wheat,2,25,11,25.5,28.43,2008
Wheat,33,25,11,25.5,26.17,2008
Wheat,34,27260,22824,15.29,27.27,2008
Wheat,4,12018,7752,10.25,26.28,2008
Wheat,35,34775,21124,10.25,26.85,2008
Wheat,36,0,0,17,27.3,2008
Wheat,5,2805,2306,19.75,26.93,2008
Wheat,37,19614,15732,19.75,26.55,2008
Wheat,6,67120,54067,8.5,26.05,2008
Wheat,38,214110,179435,8.5,27.28,2008
Wheat,7,64253,49359,21.75,29.22,2008
Wheat,39,149050,130494,21.75,26.13,2008
Wheat,40,205,157,11.25,28.05,2008
Wheat,41,2600,1755,15.29,27.67,2008
Wheat,42,555,447,15.29,26.7,2008
Wheat,43,13466,12466,15.29,28.63,2008
Wheat,44,1505,1085,15.29,28.9,2008
Wheat,45,37,25,15.29,26.58,2008
Wheat,21,12505,8976,15.29,28.1,2008
Wheat,230,15980,11709,15.29,27.12,2008
Wheat,8,13815,15140,26.25,26.1,2008
Wheat,46,60901,56677,15.29,27.6,2008
Wheat,47,16850,14278,15.29,28.92,2008
Wheat,48,4800,4924,15.29,29.78,2008
Wheat,49,2,1,15.29,28.47,2008
Wheat,9,475,408,25.5,27.73,2008
Wheat,50,4951,4224,25.5,28.45,2008
Wheat,10,9020,7384,15.29,28.52,2008
Wheat,51,11710,9154,15.29,27.22,2008
Wheat,52,20520,13603,15.29,25.6,2008
Wheat,11,32087,26577,15.29,28.28,2008
Wheat,53,90197,82957,15.29,27.53,2008
Wheat,54,200,150,15.29,27.73,2008
Wheat,55,3040,2355,15.29,27.23,2008
Wheat,56,11310,8916,13.75,27.75,2008
Wheat,57,22340,19913,15.29,27.7,2008
Wheat,58,5522,4535,15.29,28.57,2008
Wheat,59,190,117,15.29,27.72,2008
Wheat,60,30850,33556,15.29,28.27,2008
Wheat,61,1630,1151,15.29,29.18,2008
Wheat,81,6075,4055,8.75,26.07,2008
Wheat,63,7896,7346,15.29,26.92,2008
Wheat,64,5232,4505,15.29,27.85,2008
Wheat,65,3870,2788,15.29,26.5,2008
Wheat,66,75413,80339,15.29,28.4,2008
Wheat,67,21970,23741,15.29,29.3,2008
Wheat,68,2690,1770,15.29,26.78,2008
Wheat,69,3870,3237,15.29,28.08,2008
Wheat,70,30180,25505,15.29,27.67,2008
Wheat,13,66,50,11.25,29.67,2008
Wheat,71,471,357,11.25,26.43,2008
Wheat,14,80348,72790,15.29,27.1,2008
Wheat,135,89530,79655,15.29,29.52,2008
Wheat,72,38850,29540,15.29,28.2,2008
Wheat,15,25,21,13.5,28.52,2008
Wheat,137,65,45,13.5,28.8,2008
Wheat,73,113,95,15.29,29.33,2008
Wheat,74,47904,50282,15.29,28.35,2008
Wheat,16,68890,63053,6.5,26.48,2008
Wheat,138,196453,192638,6.5,26.2,2008
Wheat,235,65,46,20,28.38,2008
Wheat,17,9753,8501,9.25,28.45,2008
Wheat,139,39783,29451,9.25,27.57,2008
Wheat,75,4179,3563,32.75,29.52,2008
Wheat,76,12117,9471,15.29,26.45,2008
Wheat,77,3475,2733,15.29,28.78,2008
Wheat,78,9182,6865,15.29,26.77,2008
Wheat,79,377,321,15.29,26.95,2008
Wheat,18,455,382,13.5,28.72,2008
Wheat,146,2527,1905,13.5,26.98,2008
Wheat,150,21465,13341,19.25,28.82,2008
Wheat,80,108140,95828,15.29,28.12,2008
Wheat,25,505,454,3.59,29.27,2009
Wheat,26,0,0,3.59,27.97,2009
Wheat,27,0,1,3.59,27.55,2009
Wheat,20,1896,1321,8.25,26.9,2009
Wheat,28,6381,7651,8.25,27.4,2009
Wheat,29,4402,6291,5.25,26.28,2009
Wheat,1,3162,2556,0.75,25.68,2009
Wheat,30,7296,6218,0.75,26.55,2009
Wheat,31,18580,10798,3.59,29.23,2009
Wheat,32,5078,3169,1,26.97,2009
Wheat,2,18,8,4.75,26.53,2009
Wheat,33,18,8,4.75,28.03,2009
Wheat,34,29740,12836,3.59,27.27,2009
Wheat,4,7709,5150,0,28.98,2009
Wheat,35,31367,19117,0,27.7,2009
Wheat,36,0,0,14.5,28.05,2009
Wheat,5,1517,710,1.5,28.9,2009
Wheat,37,14589,7724,1.5,27.47,2009
Wheat,6,55393,53492,0.25,26.85,2009
Wheat,38,209567,241090,0.25,28.68,2009
Wheat,7,60366,70752,1.25,28.43,2009
Wheat,39,138261,143618,1.25,29.77,2009
Wheat,40,187,150,14,28.95,2009
Wheat,41,6066,4950,3.59,28.97,2009
Wheat,42,314,291,3.59,27.72,2009
Wheat,43,12218,11438,3.59,29.7,2009
Wheat,44,1567,1284,3.59,28.02,2009
Wheat,45,28,7,3.59,27.82,2009
Wheat,21,10683,9245,3.59,29.67,2009
Wheat,230,13255,11048,3.59,28.05,2009
Wheat,8,10806,9107,2.25,27.85,2009
Wheat,46,51784,53758,2.25,26.97,2009
Wheat,47,15830,18124,3.59,27.53,2009
Wheat,48,4134,3662,3.59,27.77,2009
Wheat,49,0,0,3.59,28.02,2009
Wheat,9,400,327,6.75,26.62,2009
Wheat,50,4025,3260,6.75,27.35,2009
Wheat,10,5795,5311,3.59,27.23,2009
Wheat,51,7700,10363,3.59,27.43,2009
Wheat,52,23767,20031,3.59,29.68,2009
Wheat,11,27353,35928,3.59,28.67,2009
Wheat,53,86938,91106,3.59,26.45,2009
Wheat,54,126,116,3.59,27.83,2009
Wheat,55,3398,2891,3.59,26.58,2009
Wheat,56,10756,9708,3,28.07,2009
Wheat,57,19004,20153,3.59,29.02,2009
Wheat,58,5123,2463,3.59,28.23,2009
Wheat,59,212,96,3.59,29.28,2009
Wheat,60,29845,42342,3.59,29.8,2009
Wheat,61,750,416,3.59,26.82,2009
Wheat,81,5433,2425,0,26.87,2009
Wheat,63,6144,6374,3.59,25.77,2009
Wheat,64,3725,2286,3.59,27.8,2009
Wheat,65,3160,1558,3.59,28.72,2009
Wheat,66,69142,77378,3.59,28.65,2009
Wheat,67,30139,44712,3.59,29.5,2009
Wheat,68,1905,5052,3.59,28.27,2009
Wheat,69,11635,9592,3.59,27.07,2009
Wheat,70,29618,27687,3.59,27.75,2009
Wheat,13,70,61,3.59,27.47,2009
Wheat,71,383,327,3.59,27.37,2009
Wheat,14,76714,86378,3.59,29.22,2009
Wheat,135,83564,91801,3.59,28,2009
Wheat,72,37311,45412,3.59,27.23,2009
Wheat,15,12,8,2.75,27.22,2009
Wheat,137,12,9,2.75,28.23,2009
Wheat,73,55,32,3.59,27.65,2009
Wheat,74,41767,40692,3.59,28.82,2009
Wheat,16,66895,72385,2,28.63,2009
Wheat,138,195794,222162,2,25.57,2009
Wheat,235,0,0,12.25,27.77,2009
Wheat,17,9203,8162,0,27.47,2009
Wheat,139,54069,45626,0,27.12,2009
Wheat,75,3120,2479,4.75,28.82,2009
Wheat,76,13154,11028,3.59,28.37,2009
Wheat,77,2572,1803,3.59,26.92,2009
Wheat,78,6850,5423,3.59,28.77,2009
Wheat,79,383,329,3.59,29.47,2009
Wheat,18,466,387,5,28.58,2009
Wheat,146,2628,2096,5,27.17,2009
Wheat,150,16702,12678,0,27.48,2009
Wheat,80,116863,142186,3.59,27.92,2009
Wheat,25,524,386,12.27,28.73,2010
Wheat,26,0,0,12.27,27.2,2010
Wheat,27,1,0,12.27,27.65,2010
Wheat,20,1938,1161,23,26.4,2010
Wheat,28,8609,4843,23,29.28,2010
Wheat,29,6622,3618,11.75,26.53,2010
Wheat,1,2934,2683,5.75,26.25,2010
Wheat,30,7125,6348,5.75,27.82,2010
Wheat,31,16390,11166,12.27,27.45,2010
Wheat,32,3627,3435,11,27.12,2010
Wheat,2,20,6,16.25,27.45,2010
Wheat,33,20,6,16.25,29.4,2010
Wheat,34,10814,35846,12.27,28.78,2010
Wheat,4,6274,5588,7,25.88,2010
Wheat,35,26291,20189,7,28.95,2010
Wheat,36,0,0,20.75,28.23,2010
Wheat,5,866,1254,32.25,29.02,2010
Wheat,37,11059,10104,32.25,28.4,2010
Wheat,6,52130,55104,0.25,28.72,2010
Wheat,38,219950,217798,0.25,25.28,2010
Wheat,7,62597,58653,20,27.03,2010
Wheat,39,131575,131779,20,28.78,2010
Wheat,40,179,124,19.75,27.55,2010
Wheat,41,5624,5088,12.27,28.03,2010
Wheat,42,402,246,12.27,28.12,2010
Wheat,43,10666,11753,12.27,25.78,2010
Wheat,44,1496,1058,12.27,27.38,2010
Wheat,45,9,19,12.27,27.08,2010
Wheat,21,10625,8869,12.27,28.47,2010
Wheat,230,12924,11199,12.27,27.12,2010
Wheat,8,9445,10992,11,27.77,2010
Wheat,46,52919,51413,12.27,28.42,2010
Wheat,47,16359,15712,12.27,28.57,2010
Wheat,48,4191,3665,12.27,28.4,2010
Wheat,49,0,0,12.27,28.77,2010
Wheat,9,353,381,3.75,27.15,2010
Wheat,50,3411,3545,3.75,28.77,2010
Wheat,10,7613,4153,12.27,29.22,2010
Wheat,51,15212,5473,12.27,27.8,2010
Wheat,52,22547,18488,12.27,28.25,2010
Wheat,11,31434,27690,12.27,28.68,2010
Wheat,53,75988,100110,12.27,28.77,2010
Wheat,54,222,100,12.27,28.85,2010
Wheat,55,3392,2782,12.27,26.93,2010
Wheat,56,8904,10563,2.5,28.08,2010
Wheat,57,20765,18664,12.27,28.27,2010
Wheat,58,3510,3436,12.27,28.53,2010
Wheat,59,215,110,12.27,28.08,2010
Wheat,60,33740,36574,12.27,27.25,2010
Wheat,61,555,530,12.27,27.05,2010
Wheat,81,3639,3502,12.5,28.07,2010
Wheat,63,6350,6045,12.27,28.62,2010
Wheat,64,3462,2597,12.27,26.07,2010
Wheat,65,2264,2041,12.27,28.1,2010
Wheat,66,65600,74330,12.27,27.78,2010
Wheat,67,37258,35010,12.27,27.35,2010
Wheat,68,7599,1320,12.27,28.2,2010
Wheat,69,11024,9572,12.27,29.18,2010
Wheat,70,27687,26213,12.27,27.58,2010
Wheat,13,79,34,12.27,27.58,2010
Wheat,71,480,258,12.27,27.38,2010
Wheat,14,78898,66835,12.27,26.1,2010
Wheat,135,85627,72064,12.27,29.08,2010
Wheat,72,42642,34707,12.27,28.63,2010
Wheat,15,13,6,9.5,26.28,2010
Wheat,137,14,6,9.5,28.88,2010
Wheat,73,40,45,12.27,28.12,2010
Wheat,74,38754,39350,12.27,29.18,2010
Wheat,16,67923,67894,11,27.62,2010
Wheat,138,198468,203447,11,25.95,2010
Wheat,235,0,0,17.75,26.3,2010
Wheat,17,9149,8275,1.5,26.27,2010
Wheat,139,51736,44205,1.5,28.28,2010
Wheat,75,2534,2778,4.75,27.78,2010
Wheat,76,10654,11460,12.27,28.27,2010
Wheat,77,2299,2330,12.27,27.38,2010
Wheat,78,6729,5229,12.27,28.03,2010
Wheat,79,370,333,12.27,28.57,2010
Wheat,18,500,359,14,28.05,2010
Wheat,146,2581,1860,14,27.02,2010
Wheat,150,15842,13341,17,28.78,2010
Wheat,80,125178,127987,12.27,28.28,2010
Wheat,25,533,518,1.61,27.87,2011
Wheat,26,0,0,1.61,26.72,2011
Wheat,27,0,0,1.61,27.75,2011
Wheat,20,1922,1426,0.25,27.1,2011
Wheat,28,8270,7949,0.25,26.25,2011
Wheat,29,6212,6451,0,29.08,2011
Wheat,1,3084,2918,3,26.68,2011
Wheat,30,6949,6474,3,29.67,2011
Wheat,31,14350,9310,1.61,27.9,2011
Wheat,32,4575,4322,0.25,27.55,2011
Wheat,2,18,6,0,26.92,2011
Wheat,33,18,6,0,26.42,2011
Wheat,34,12870,17222,1.61,26.72,2011
Wheat,4,6004,4964,0,27.02,2011
Wheat,35,24929,18596,0,27.45,2011
Wheat,36,0,0,4,28.17,2011
Wheat,5,715,565,0,27.12,2011
Wheat,37,6670,4910,0,27.7,2011
Wheat,6,42092,46696,7.75,29.1,2011
Wheat,38,196880,234544,7.75,28.75,2011
Wheat,7,63811,72338,0,27.82,2011
Wheat,39,129128,142971,0,28.77,2011
Wheat,40,145,119,2.5,27.23,2011
Wheat,41,4192,3687,1.61,27.65,2011
Wheat,42,360,273,1.61,25.58,2011
Wheat,43,10420,11964,1.61,28.92,2011
Wheat,44,672,565,1.61,27.28,2011
Wheat,45,14,12,1.61,27.98,2011
Wheat,21,9713,8988,1.61,29.18,2011
Wheat,230,12111,11223,1.61,29.72,2011
Wheat,8,7692,7795,0.25,27,2011
Wheat,46,50893,52959,0.25,27.8,2011
Wheat,47,16950,18532,1.61,29.18,2011
Wheat,48,3865,3556,1.61,28.05,2011
Wheat,49,0,0,1.61,28.77,2011
Wheat,9,306,282,1.75,28.22,2011
Wheat,50,3587,3539,1.75,25.65,2011
Wheat,10,4790,3310,1.61,28.12,2011
Wheat,51,9280,6449,1.61,28.63,2011
Wheat,52,21534,22466,1.61,27.3,2011
Wheat,11,33555,45654,1.61,26.77,2011
Wheat,53,83355,112571,1.61,27.08,2011
Wheat,54,203,113,1.61,27.03,2011
Wheat,55,3504,3139,1.61,28.22,2011
Wheat,56,8724,10277,0.25,30.18,2011
Wheat,57,20100,20550,1.61,28.05,2011
Wheat,58,2510,1884,1.61,28.08,2011
Wheat,59,80,53,1.61,30.05,2011
Wheat,60,36930,49695,1.61,29.78,2011
Wheat,61,370,280,1.61,29.8,2011
Wheat,81,3317,2400,3.25,27.73,2011
Wheat,63,6151,6082,1.61,26.47,2011
Wheat,64,542,368,1.61,29.45,2011
Wheat,65,2173,1540,1.61,27.12,2011
Wheat,66,61240,74750,1.61,29.6,2011
Wheat,67,37630,36619,1.61,26.17,2011
Wheat,68,4490,3139,1.61,29.47,2011
Wheat,69,9714,9268,1.61,28.95,2011
Wheat,70,35775,41798,1.61,25.42,2011
Wheat,13,88,62,1.61,25.53,2011
Wheat,71,436,294,1.61,27.75,2011
Wheat,14,76465,82858,1.61,28.6,2011
Wheat,135,82434,88052,1.61,28.12,2011
Wheat,72,40430,43524,1.61,28.42,2011
Wheat,15,0,0,1.5,27.53,2011
Wheat,137,0,0,1.5,26.08,2011
Wheat,73,122,60,1.61,28.58,2011
Wheat,74,38090,40535,1.61,27.12,2011
Wheat,16,68057,87008,1.75,29.1,2011
Wheat,138,202702,240175,1.75,27.78,2011
Wheat,235,0,0,0.5,28.28,2011
Wheat,17,8241,7577,5.25,28.07,2011
Wheat,139,47185,46137,5.25,28.07,2011
Wheat,75,2748,2739,0.25,27.32,2011
Wheat,76,8083,7857,1.61,27.58,2011
Wheat,77,2398,2235,1.61,27.15,2011
Wheat,78,5969,5194,1.61,29.43,2011
Wheat,79,124,96,1.61,27.37,2011
Wheat,18,413,335,0.75,27.7,2011
Wheat,146,1289,1049,0.75,28.78,2011
Wheat,150,15275,15058,0.75,27.08,2011
Wheat,80,114358,144324,1.61,28.17,2011
Wheat,25,510,473,15.49,27.97,2012
Wheat,22,0,0,15.49,29.12,2012
Wheat,27,0,0,15.49,26.78,2012
Wheat,20,2239,1552,19.25,28,2012
Wheat,28,8483,8885,19.25,28.58,2012
Wheat,29,6089,7214,10.75,27.93,2012
Wheat,1,4300,4221,14,26.93,2012
Wheat,31,13190,12909,15.49,26.82,2012
Wheat,32,6942,6698,15.49,27.75,2012
Wheat,2,12,8,0.75,25.53,2012
Wheat,82,24675,23821,0.75,26.67,2012
Wheat,34,14580,19032,15.49,26.28,2012
Wheat,4,4140,3933,30.5,29.03,2012
Wheat,36,0,0,3.5,27.42,2012
Wheat,5,586,513,21,29.15,2012
Wheat,83,217430,245699,21,29.68,2012
Wheat,6,46920,59355,2.75,28.72,2012
Wheat,7,75410,90695,37.25,27.7,2012
Wheat,40,135,114,5,28.25,2012
Wheat,41,5274,5057,15.49,26.75,2012
Wheat,42,333,238,15.49,27.55,2012
Wheat,43,14285,17991,15.49,29.58,2012
Wheat,44,606,477,15.49,25.8,2012
Wheat,45,30,33,15.49,28.75,2012
Wheat,21,14725,15005,15.49,27.95,2012
Wheat,8,11527,13158,24.5,26.15,2012
Wheat,47,18974,20568,15.49,27.92,2012
Wheat,48,3834,3606,15.49,27.2,2012
Wheat,23,0,0,15.49,27,2012
Wheat,9,1370,1102,41.5,27.1,2012
Wheat,84,170279,207232,41.5,25.72,2012
Wheat,10,5220,3650,15.49,26.62,2012
Wheat,52,26033,28064,15.49,28.28,2012
Wheat,11,40471,52315,15.49,28.1,2012
Wheat,54,170,97,15.49,28.23,2012
Wheat,55,3821,3805,15.49,27.7,2012
Wheat,56,13833,17045,32,28.65,2012
Wheat,57,27221,32688,15.49,28.65,2012
Wheat,58,2710,2348,15.49,28.2,2012
Wheat,59,200,200,15.49,28.82,2012
Wheat,60,43130,55108,15.49,28.78,2012
Wheat,61,281,215,15.49,28.67,2012
Wheat,62,3487,2671,9.25,25.72,2012
Wheat,63,9950,10295,15.49,28.6,2012
Wheat,64,624,426,15.49,28.27,2012
Wheat,65,3440,2363,15.49,25.82,2012
Wheat,66,64672,84057,15.49,29.92,2012
Wheat,67,53512,68573,15.49,28.25,2012
Wheat,68,5140,3613,15.49,27.52,2012
Wheat,69,8800,9204,15.49,27.02,2012
Wheat,70,46042,58674,15.49,28.52,2012
Wheat,13,86,62,5,27.2,2012
Wheat,14,81792,107713,15.49,28.18,2012
Wheat,72,42244,52635,15.49,28.1,2012
Wheat,15,0,0,20,27.28,2012
Wheat,73,125,86,15.49,28.72,2012
Wheat,74,42720,51331,15.49,28.48,2012
Wheat,16,73957,97422,27,28.65,2012
Wheat,85,335520,430922,27,27.92,2012
Wheat,24,0,0,5.75,26.17,2012
Wheat,17,6942,7053,15.49,28.97,2012
Wheat,139,271604,337113,15.49,28.95,2012
Wheat,75,2546,2493,40.75,28.45,2012
Wheat,76,13894,17550,15.49,26.43,2012
Wheat,77,4378,4530,15.49,25.63,2012
Wheat,78,7411,6656,15.49,26.1,2012
Wheat,79,104,80,15.49,27.48,2012
Wheat,18,367,350,14.5,28.63,2012
Wheat,86,1277,1107,14.5,28.75,2012
Wheat,150,16364,15515,26.25,28.18,2012
Wheat,80,131570,171940,15.49,27.77,2012
Wheat,25,481,495,3.36,28.37,2013
Wheat,22,0,0,3.36,26.77,2013
Wheat,27,8,3,3.36,28.77,2013
Wheat,20,2539,1956,1.5,26.65,2013
Wheat,28,9726,10443,1.5,27.18,2013
Wheat,29,6784,8159,2.25,28.57,2013
Wheat,1,4307,4283,5.5,28.03,2013
Wheat,31,4573,3984,3.36,28.73,2013
Wheat,32,3088,3150,0.75,28.57,2013
Wheat,2,11,7,0,29.4,2013
Wheat,82,11392,10565,0,28.38,2013
Wheat,34,13920,18352,3.36,27.3,2013
Wheat,4,3475,3226,1.5,28.17,2013
Wheat,36,0,0,0,28.3,2013
Wheat,5,743,710,3,27.43,2013
Wheat,83,218494,257287,3,28.28,2013
Wheat,6,47390,59773,2.5,27.13,2013
Wheat,7,79946,102805,3,28.67,2013
Wheat,40,113,122,0.75,27.12,2013
Wheat,41,8850,8245,3.36,30.45,2013
Wheat,42,306,205,3.36,26.93,2013
Wheat,43,13980,18097,3.36,26.75,2013
Wheat,44,1114,921,3.36,27.93,2013
Wheat,45,126,113,3.36,28.42,2013
Wheat,21,19776,20485,3.36,28.58,2013
Wheat,8,10112,12339,5.25,29.73,2013
Wheat,47,17921,20657,3.36,28.85,2013
Wheat,48,3825,3615,3.36,29.27,2013
Wheat,23,0,0,3.36,27.87,2013
Wheat,9,647,555,2,25.7,2013
Wheat,84,165347,198632,3.36,26.58,2013
Wheat,10,4110,2878,3.36,28.92,2013
Wheat,52,28066,31188,3.36,28.42,2013
Wheat,11,41327,49811,3.36,25.72,2013
Wheat,54,58,26,3.36,28.77,2013
Wheat,55,3625,4210,3.36,27.53,2013
Wheat,56,12820,16510,2.5,27.62,2013
Wheat,57,26211,28745,3.36,25.92,2013
Wheat,58,2191,2037,3.36,27.63,2013
Wheat,59,238,214,3.36,29.2,2013
Wheat,60,42836,54524,3.36,28.18,2013
Wheat,61,138,97,3.36,26.78,2013
Wheat,62,4815,4934,4.5,26.12,2013
Wheat,63,9220,10528,3.36,27.03,2013
Wheat,64,574,382,3.36,27.22,2013
Wheat,65,1020,811,3.36,27.83,2013
Wheat,66,63867,82128,3.36,28.1,2013
Wheat,67,72637,93108,3.36,29.17,2013
Wheat,68,4573,3115,3.36,27.28,2013
Wheat,69,9734,10806,3.36,26.97,2013
Wheat,70,46521,60535,3.36,28.73,2013
Wheat,13,74,50,3.36,29.72,2013
Wheat,14,96169,122338,3.36,26.98,2013
Wheat,72,41500,53924,3.36,26.13,2013
Wheat,15,93,39,1.25,28.53,2013
Wheat,73,176,173,3.36,29.67,2013
Wheat,74,41863,49489,3.36,28.07,2013
Wheat,16,72822,92475,5.5,26.43,2013
Wheat,85,374843,473852,5.5,28.05,2013
Wheat,24,0,0,0.5,28.7,2013
Wheat,17,8150,9297,3.5,27.22,2013
Wheat,139,280054,350762,3.5,26.27,2013
Wheat,75,2672,2626,4.25,27.35,2013
Wheat,76,11895,14270,3.36,27.73,2013
Wheat,77,3137,3309,3.36,26.95,2013
Wheat,78,14695,15370,3.36,27.73,2013
Wheat,79,181,134,3.36,27.77,2013
Wheat,18,213,190,1.75,27.98,2013
Wheat,86,1746,1459,1.75,27.45,2013
Wheat,150,16607,17153,3.75,29.45,2013
Wheat,80,132739,173319,3.36,27.72,2013
Wheat,25,729,810,6.11,29.3,2014
Wheat,22,0,0,6.11,26.6,2014
Wheat,27,47,25,6.11,28.85,2014
Wheat,20,3498,3125,3.75,27.87,2014
Wheat,87,12651,13654,3.75,28.52,2014
Wheat,29,8354,9951,4,25.75,2014
Wheat,1,4588,4525,11.5,27.85,2014
Wheat,31,4463,3788,6.11,28.07,2014
Wheat,32,2713,2959,5.25,28.52,2014
Wheat,2,10,5,9.25,28.2,2014
Wheat,82,10782,9968,9.25,28.37,2014
Wheat,34,16677,22404,6.11,28.43,2014
Wheat,4,3433,3070,2,27.92,2014
Wheat,36,0,0,7.25,29.25,2014
Wheat,5,783,716,3,28.7,2014
Wheat,83,187755,228222,3,25.45,2014
Wheat,6,51605,66399,7.75,29.05,2014
Wheat,7,81647,103773,3,27.62,2014
Wheat,40,101,105,3.5,26.5,2014
Wheat,88,6491,6113,6.11,28.8,2014
Wheat,42,213,156,6.11,28.53,2014
Wheat,43,18469,23819,6.11,28.37,2014
Wheat,44,1055,853,6.11,27.57,2014
Wheat,21,21090,22617,6.11,26.67,2014
Wheat,8,7531,9403,4.75,28.38,2014
Wheat,89,185,167,6.11,28.07,2014
Wheat,47,17325,22570,6.11,28,2014
Wheat,48,2653,2670,6.11,28.22,2014
Wheat,23,1,1,6.11,27.32,2014
Wheat,9,1267,1323,6,27.23,2014
Wheat,84,162889,207217,6,27.43,2014
Wheat,10,3523,2525,6.11,28.1,2014
Wheat,52,28749,36475,6.11,26.97,2014
Wheat,90,40030,51999,6.11,27.47,2014
Wheat,54,37,17,6.11,26.67,2014
Wheat,55,3481,4099,6.11,25.92,2014
Wheat,56,12067,15427,3,27.5,2014
Wheat,57,23732,27709,6.11,27.25,2014
Wheat,58,2802,2814,6.11,29.33,2014
Wheat,59,203,187,6.11,28.33,2014
Wheat,60,42830,57155,6.11,26.13,2014
Wheat,61,62,43,6.11,27.17,2014
Wheat,12,3736,3415,10.5,27.77,2014
Wheat,182,30774,31289,10.5,27.87,2014
Wheat,63,9084,9925,6.11,27.55,2014
Wheat,64,560,397,6.11,27.75,2014
Wheat,65,700,623,6.11,29.28,2014
Wheat,66,62370,81204,6.11,27.23,2014
Wheat,67,69480,90176,6.11,27.63,2014
Wheat,68,3165,2434,6.11,27.78,2014
Wheat,69,11866,14023,6.11,28.3,2014
Wheat,70,49799,63220,6.11,26.9,2014
Wheat,13,24,23,6.11,28.07,2014
Wheat,14,101845,126403,6.11,28.92,2014
Wheat,72,41170,53433,6.11,27.47,2014
Wheat,15,300,124,0.75,26.33,2014
Wheat,73,267,262,6.11,26.55,2014
Wheat,74,41110,48261,6.11,27.97,2014
Wheat,16,70898,93684,6.75,27.8,2014
Wheat,85,377247,478266,6.75,28.87,2014
Wheat,24,0,0,8.25,29.02,2014
Wheat,17,8247,9672,6.5,25.95,2014
Wheat,91,295075,377541,6.5,28.28,2014
Wheat,75,3684,3919,7.75,29.45,2014
Wheat,76,10790,13774,6.11,25.82,2014
Wheat,77,2783,2822,6.11,28.62,2014
Wheat,78,15614,16383,6.11,27.77,2014
Wheat,79,598,455,6.11,25.45,2014
Wheat,18,382,276,8.5,26.03,2014
Wheat,86,2238,1771,8.5,28.02,2014
Wheat,19,15029,15893,6,26.57,2014
Wheat,80,143466,187325,6.11,27.53,2014
